{
  "images" : [
    {
      "minimum-system-version" : "12.0",
      "scale" : "2x",
      "extent" : "full-screen",
      "idiom" : "iphone",
      "subtype" : "1792h",
      "orientation" : "portrait",
      "filename" : "Default-Portrait-1792h@3x.png"
    },
    {
      "minimum-system-version" : "12.0",
      "scale" : "2x",
      "extent" : "full-screen",
      "idiom" : "iphone",
      "subtype" : "1792h",
      "orientation" : "landscape",
      "filename" : "Default-Landscape-1792h@3x.png"
    },
    {
      "minimum-system-version" : "12.0",
      "scale" : "3x",
      "extent" : "full-screen",
      "idiom" : "iphone",
      "subtype" : "2688h",
      "orientation" : "portrait",
      "filename" : "Default-Portrait-2688h@3x.png"
    },
    {
      "minimum-system-version" : "12.0",
      "scale" : "3x",
      "extent" : "full-screen",
      "idiom" : "iphone",
      "subtype" : "2688h",
      "orientation" : "landscape",
      "filename" : "Default-Landscape-2688h@3x.png"
    },
    {
      "minimum-system-version" : "11.0",
      "scale" : "3x",
      "extent" : "full-screen",
      "idiom" : "iphone",
      "subtype" : "2436h",
      "orientation" : "portrait",
      "filename" : "Default-Portrait-2436h@3x.png"
    },
    {
      "minimum-system-version" : "11.0",
      "scale" : "3x",
      "extent" : "full-screen",
      "idiom" : "iphone",
      "subtype" : "2436h",
      "orientation" : "landscape",
      "filename" : "Default-Landscape-2436h@3x.png"
    },
    {
      "extent" : "full-screen",
      "idiom" : "iphone",
      "orientation" : "portrait",
      "filename" : "Default.png",
      "scale" : "1x"
    },
    {
      "extent" : "full-screen",
      "idiom" : "iphone",
      "orientation" : "portrait",
      "filename" : "Default@2x.png",
      "minimum-system-version" : "7.0",
      "scale" : "2x"
    },
    {
      "extent" : "full-screen",
      "idiom" : "iphone",
      "subtype" : "retina4",
      "filename" : "Default-568h@2x.png",
      "orientation" : "portrait",
      "scale" : "2x"
    },
    {
      "minimum-system-version" : "7.0",
      "scale" : "2x",
      "extent" : "full-screen",
      "idiom" : "iphone",
      "subtype" : "retina4",
      "orientation" : "portrait",
      "filename" : "Default-568h@2x.png"
    },
    {
      "extent" : "full-screen",
      "idiom" : "iphone",
      "orientation" : "portrait",
      "filename" : "Default@2x.png",
      "scale" : "2x"
    },
    {
      "extent" : "to-status-bar",
      "idiom" : "ipad",
      "orientation" : "portrait",
      "filename" : "Default~ipad.png",
      "scale" : "1x"
    },
    {
      "extent" : "to-status-bar",
      "idiom" : "ipad",
      "orientation" : "portrait",
      "filename" : "Default~ipad@2x.png",
      "scale" : "2x"
    },
    {
      "extent" : "to-status-bar",
      "idiom" : "ipad",
      "orientation" : "landscape",
      "filename" : "Default~ipad~landscape.png",
      "scale" : "1x"
    },
    {
      "extent" : "to-status-bar",
      "idiom" : "ipad",
      "orientation" : "landscape",
      "filename" : "Default~ipad~landscape@2x.png",
      "scale" : "2x"
    },
    {
      "extent" : "full-screen",
      "idiom" : "ipad",
      "orientation" : "portrait",
      "filename" : "Default~ipad~nostatusbar.png",
      "minimum-system-version" : "7.0",
      "scale" : "1x"
    },
    {
      "extent" : "full-screen",
      "idiom" : "ipad",
      "orientation" : "portrait",
      "filename" : "Default~ipad~nostatusbar.png",
      "scale" : "1x"
    },
    {
      "extent" : "full-screen",
      "idiom" : "ipad",
      "orientation" : "portrait",
      "filename" : "Default~ipad~nostatusbar@2x.png",
      "minimum-system-version" : "7.0",
      "scale" : "2x"
    },
    {
      "extent" : "full-screen",
      "idiom" : "ipad",
      "orientation" : "portrait",
      "filename" : "Default~ipad~nostatusbar@2x.png",
      "scale" : "2x"
    },
    {
      "extent" : "full-screen",
      "idiom" : "ipad",
      "orientation" : "landscape",
      "filename" : "Default~ipad~landscape~nostatusbar.png",
      "minimum-system-version" : "7.0",
      "scale" : "1x"
    },
    {
      "extent" : "full-screen",
      "idiom" : "ipad",
      "orientation" : "landscape",
      "filename" : "Default~ipad~landscape~nostatusbar.png",
      "scale" : "1x"
    },
    {
      "extent" : "full-screen",
      "idiom" : "ipad",
      "orientation" : "landscape",
      "filename" : "Default~ipad~landscape~nostatusbar@2x.png",
      "minimum-system-version" : "7.0",
      "scale" : "2x"
    },
    {
      "extent" : "full-screen",
      "idiom" : "ipad",
      "orientation" : "landscape",
      "filename" : "Default~ipad~landscape~nostatusbar@2x.png",
      "scale" : "2x"
    },
    {
      "minimum-system-version" : "8.0",
      "scale" : "3x",
      "extent" : "full-screen",
      "idiom" : "iphone",
      "subtype" : "736h",
      "orientation" : "portrait",
      "filename" : "Default-Portrait-736h@3x.png"
    },
    {
      "minimum-system-version" : "8.0",
      "scale" : "3x",
      "extent" : "full-screen",
      "idiom" : "iphone",
      "subtype" : "736h",
      "orientation" : "landscape",
      "filename" : "Default-Landscape-736h@3x.png"
    },
    {
      "minimum-system-version" : "8.0",
      "scale" : "2x",
      "extent" : "full-screen",
      "idiom" : "iphone",
      "subtype" : "667h",
      "orientation" : "portrait",
      "filename" : "Default-667h@2x.png"
    }
  ],
  "info" : {
    "version" : 1,
    "author" : "xcode"
  }
}